Sample_ID,pH,Turbidity,Temperature,BOD,COD,TSS,Dissolved_Oxygen,Treatment_Efficiency
1,7.2,12.5,25.4,32.1,145.2,48.5,6.8,82.5
2,6.8,18.2,26.1,41.3,178.5,56.2,5.9,76.4
3,7.5,10.4,24.8,28.7,132.6,42.1,7.2,86.7
4,6.5,25.1,27.3,52.4,210.3,68.4,4.8,68.2
5,7.1,15.6,25.9,36.5,156.7,51.3,6.4,80.1
6,7.8,8.9,24.2,23.4,118.5,36.7,7.8,90.3
7,6.7,21.4,26.8,47.2,195.6,62.5,5.2,72.5
8,7.3,13.8,25.1,31.6,142.8,45.9,6.9,84.1
9,6.9,19.7,27.0,44.8,187.2,59.8,5.6,74.3
10,7.6,9.7,24.6,26.9,125.4,39.5,7.5,88.6
11,7.0,16.3,25.7,35.2,151.8,49.7,6.5,81.2
12,6.6,23.5,27.5,50.1,204.7,65.3,4.9,69.8
13,7.4,11.2,24.9,29.8,136.5,43.6,7.1,85.4
14,6.8,20.1,26.4,45.6,190.3,61.2,5.4,73.6
15,7.7,7.8,24.1,21.7,112.6,34.2,8.1,92.1
16,7.2,14.5,25.6,33.7,148.9,47.8,6.7,83.2
17,6.4,27.2,27.8,55.3,221.5,72.1,4.3,65.7
18,7.5,10.1,24.7,27.5,129.8,40.8,7.4,87.9
19,6.9,18.9,26.2,42.7,181.4,57.6,5.8,75.8
20,7.3,12.9,25.3,30.9,139.7,44.5,7.0,84.8